<?xml version="1.0" encoding="UTF-8"?>
<beans xmlns="http://www.springframework.org/schema/beans"
    xmlns:xsi="http://www.w3.org/2001/XMLSchema-instance"
    xmlns:context="http://www.springframework.org/schema/context"
    xsi:schemaLocation="http://www.springframework.org/schema/beans
    http://www.springframework.org/schema/beans/spring-beans.xsd
    http://www.springframework.org/schema/context
    http://www.springframework.org/schema/context/spring-context.xsd">
    
    
    <context:component-scan base-package="com.in28minutes.spring.basics.springin5minutes.basic"/>
	
    <bean id="xmlJdbcConnection" 
    	class="com.in28minutes.spring.basics.springin5minutes.xml.XmlJdbcConnection">
    </bean>

    <bean id="xmlPersonDAO" class="com.in28minutes.spring.basics.springin5minutes.xml.XmlPersonDAO">
    		<property name="xmlJdbcConnection" ref="xmlJdbcConnection"/>
    </bean>
	
    <bean id="secureGateway" 
    	class="com.in28minutes.spring.basics.springin5minutes.payment.SecureGateway">
    </bean>

    <bean id="payQuick" class="com.in28minutes.spring.basics.springin5minutes.payment.PayQuick">
    		<property name="secureGateway" ref="secureGateway"/>
    </bean>
	
</beans>